MAE,MAPE,RMSE,square_id,train_seconds,infer_seconds
1444.4392999383,99.86268692153654,1984.473987286443,5161,1.9687555390000853,0.02859240099996896
242.4588180095977,99.91534507288846,271.39207815169544,4159,2.4240246439999282,0.036781525000151305
452.04972528913413,99.5481157877187,480.31952521547146,4556,1.737222365999969,0.03652583799998865
