MAE,MAPE,RMSE,square_id,train_seconds,infer_seconds
40.79480897516104,32.26870675758669,55.6402261861801,5161,5.417937244000086,0.32978567800000747
34.67716428260596,38.61911173475573,50.176001407135935,4159,5.327441086000022,0.3283857500000522
82.94944509567347,43.095441375227026,111.11833361865123,4556,5.265741219999995,0.3188749619999953
