MAE,MAPE,RMSE,square_id,train_seconds,infer_seconds
41.17069295550692,32.576621981079356,56.179306308030725,5161,6.249382818999948,0.4080916689999867
37.81625093001849,46.26723415816973,50.95785563189735,4159,5.0166975219999586,0.3191374090001773
82.10841883646883,42.25940096514215,110.95604092851697,4556,5.276728677999927,0.3157740520000516
